Name,Reviews,Contact,Website,Location
Beit Rima,192 reviews,(415) 566-1274,http://beitrimasf.com,"86 Carl St,San Francisco, CA 94117,Clayton St & Cole St,Cole Valley"
Santeria,210 reviews,(415) 896-4496,https://santeria-sf.com,"2251 Market St,San Francisco, CA 94114,Sanchez St & 16th St,Castro"
Fog Harbor Fish House,8098 reviews,(415) 969-2010,https://fogharbor.com,"39 Pier,Ste a - 202,San Francisco, CA 94133,Fisherman's Wharf, North Beach/Telegraph Hill"
Horsefeather,446 reviews,(415) 817-1939,http://www.horsefeatherbar.com,"528 Divisidero St,San Francisco, CA 94117,Alamo Square"
Sotto Mare,4541 reviews,(415) 398-3181,http://www.sottomaresf.com/,"552 Green St,San Francisco, CA 94133,Columbus Ave & Stockton St,North Beach/Telegraph Hill"
Dumpling House,338 reviews,(415) 829-2789,http://dumplinghouse-sf.com,"335 Noe St,San Francisco, CA 94114,17th St & 16th St,Castro"
KAIYŌ Rooftop,290 reviews,,https://kaiyosf.com/kaiyorooft…,"701 3rd St,Fl 12,San Francisco, CA 94105,South Beach"
The Snug,325 reviews,,http://www.thesnugsf.com,"2301 Fillmore St,San Francisco, CA 94115,Washington St & Clay St,Pacific Heights"
Marufuku Ramen,4015 reviews,(415) 872-9786,http://marufukuramen.com,"1581 Webster St,Ste 235,San Francisco, CA 94115,Post St & Geary Blvd,Lower Pacific Heights, Japantown"
Starbelly,2088 reviews,(415) 252-7500,http://www.starbellysf.com,"3583 16th St,San Francisco, CA 94114,Pond St & Market St,Castro"
O' by Claude Le Tohic,143 reviews,(628) 900-9853,https://one65sf.com,"165 O'Farrell St,San Francisco, CA 94102,Stockton St & Powell St,Union Square"
Star India Restaurant,1000 reviews,(415) 503-9976,http://starindiarestaurant.com,"3721 Geary Blvd,San Francisco, CA 94118,2nd Ave & Arguello Blvd,Inner Richmond"
Kingdom Of Dumplings,2264 reviews,(415) 566-6143,https://www.kingdomofdumplings…,"1713 Taraval St,San Francisco, CA 94116,27th Ave & 28th Ave,Parkside"
Um Ma,558 reviews,(415) 566-5777,http://www.ummasf.com,"1220 9th Ave,San Francisco, CA 94122,Lincoln Way & Irving St,Inner Sunset"
Lily,251 reviews,(415) 742-5285,https://www.lilyonclement.com,"225 Clement St,San Francisco, CA 94118,4th Ave & 3rd Ave,Inner Richmond"
Jaranita,324 reviews,(415) 655-9585,http://www.jaranitasf.com,"3340 Steiner St,San Francisco, CA 94123,Chestnut St & Lombard St,Marina/Cow Hollow"
CreoLa,130 reviews,(415) 260-3143,https://www.creolabistro.com,"900 Stanyan St,San Francisco, CA 94117,Frederick St & Carl St,Cole Valley"
JIJIME,474 reviews,(415) 221-5353,http://www.jijime.com,"5524 Geary Blvd,San Francisco, CA 94121,19th Ave & 20th Ave,Outer Richmond"
Manna,1258 reviews,(415) 665-5969,http://www.mannasanfrancisco.c…,"845 Irving St,San Francisco, CA 94122,10th Ave & 9th Ave,Inner Sunset"
Farmhouse Kitchen Thai Cuisine,3322 reviews,(415) 814-2920,http://www.farmhousethai.com,"710 Florida St,San Francisco, CA 94110,19th St & 20th St,Mission"
Parada 22,1377 reviews,(415) 750-1111,https://www.paradasf.com,"1805 Haight St,San Francisco, CA 94117,Shrader St & Stanyan St,The Haight"
Rad Radish,18 reviews,(415) 916-8548,http://www.eatradradish.com,"301 Hayes St,San Francisco, CA 94102,Gough St & Franklin St,Hayes Valley"
Nopalito,1974 reviews,(415) 437-0303,http://www.nopalitosf.com,"306 Broderick St,San Francisco, CA 94117,Fell St & Oak St,Lower Haight"
Jollibee,674 reviews,(650) 755-4848,https://locations.jollibeeusa.…,"6955 Mission St,Ste 101,Daly City, CA 94014"
Hook Fish,837 reviews,,http://www.hookfishco.com,"4542 Irving St,San Francisco, CA 94122,46th Ave & 47th Ave,Outer Sunset"
Anchor Oyster Bar,1598 reviews,(415) 431-3990,http://www.anchoroysterbar.com,"579 Castro St,San Francisco, CA 94114,Castro"
Woodhouse Fish Company,2450 reviews,(415) 437-2722,http://woodhousefish.com,"1914 Fillmore St,San Francisco, CA 94115,Wilmot St & Bush St,Lower Pacific Heights"
Pearl 6101,373 reviews,(415) 592-9777,http://www.pearl-sf.com,"6101 California St,San Francisco, CA 94121,24th Ave & 23rd Ave,Outer Richmond"
Souvla,8 reviews,(415) 400-5458,http://www.souvla.com,"2505 3rd St,San Francisco, CA 94107,23rd St & 22nd St,Dogpatch, Potrero Hill"
Jamie's place,226 reviews,(415) 803-1888,,"1380 9th Ave,San Francisco, CA 94122,Irving St & Judah St,Inner Sunset"
Nopa,5267 reviews,(415) 864-8643,http://www.nopasf.com,"560 Divisadero St,San Francisco, CA 94117,Fell St & Hayes St,Alamo Square"
Tanglad,199 reviews,(415) 624-3238,https://tangladsf.com,"469 Castro St,San Francisco, CA 94114,18th St & 17th St,Castro"
Lavash,1514 reviews,(415) 664-5555,http://www.lavashsf.com,"511 Irving St,San Francisco, CA 94122,7th Ave & 6th Ave,Inner Sunset"
Blind Butcher,182 reviews,(415) 529-2478,https://blindbutcher.com,"4058 18th St,San Francisco, CA 94114,Hartford St & Castro St,Castro"
The Italian Homemade Company,1104 reviews,(415) 655-9325,http://www.italianhomemadecomp…,"1919 Union St,San Francisco, CA 94123,Laguna St & Charlton Ct,Marina/Cow Hollow"
HOT JOHNNIE’S,287 reviews,(415) 624-3171,https://hotjohnnies.com,"4077 18th St,San Francisco, CA 94114,Hartford St & Castro St,Castro"
Pizzetta 211,1408 reviews,(415) 379-9880,http://www.pizzetta211.com,"211 23rd Ave,San Francisco, CA 94121,California St & Clement St,Outer Richmond"
The Palm Court at RH San Francisco,163 reviews,(415) 865-0407,https://rh.com,"590 20th St,San Francisco, CA 94107,Michigan St & Illinois St,Dogpatch, Potrero Hill"
Beit Rima,571 reviews,(415) 703-0270,http://www.beitrimasf.com,"138 Church St,San Francisco, CA 94114,Reservoir St & Duboce Ave,Duboce Triangle"
Beretta,301 reviews,(415) 654-5211,http://berettasf.com,"661 Divisadero St,San Francisco, CA 94117,Grove St & Hayes St,NoPa"
Routier,99 reviews,(415) 766-9997,http://routiersf.com,"2801 California St,San Francisco, CA 94115,Divisadero St & Broderick St,Lower Pacific Heights"
Spice of America,297 reviews,(415) 872-1864,http://Www.spiceofamerica.com,"1655 Market St,San Francisco, CA 94103,Van Ness Ave & 12th St,SoMa"
The Tailor's Son,267 reviews,(415) 673-7200,http://www.thetailorssonsf.com,"2049 Fillmore St,San Francisco, CA 94115,Pine St & California St,Lower Pacific Heights"
California Fish Market Restaurant,445 reviews,(415) 757-0918,http://www.cafishmarketrestaur…,"550 Green St,San Francisco, CA 94133,Columbus Ave & Stockton St,North Beach/Telegraph Hill"
Fable,719 reviews,(415) 590-2404,http://www.fablesf.com/,"558 Castro St,San Francisco, CA 94114,19th St & 18th St,Castro"
Krua Thai,145 reviews,(415) 872-6988,https://www.kruathaisf.com,"525 Valencia St,San Francisco, CA 94110,17th St & 16th St,Mission"
Square Pie Guys,49 reviews,(415) 890-2335,http://www.squarepieguys.com,"845 Beach St,San Francisco, CA 94109,Larkin St & Hyde St,Russian Hill, Fisherman's Wharf"
Dumpling Kitchen,1914 reviews,(415) 682-8938,https://dumplingkitchenca.com,"1935 Taraval St,San Francisco, CA 94116,30th Ave & 29th Ave,Parkside"
Limoncello,1444 reviews,(415) 638-6361,http://www.limoncellostogo.com,"1400 Sutter St,San Francisco, CA 94109,Sutter & Franklin ,Lower Pacific Heights"
Mr. Digby's Bar & Restaurant,108 reviews,(415) 896-4973,http://www.mrdigbys.com,"1199 Church St,San Francisco, CA 94114,Elizabeth St & 24th St,Noe Valley"
Souvla,529 reviews,(415) 400-5458,http://www.souvlasf.com,"531 Divisadero St,San Francisco, CA 94117,Fell St & Hayes St,NoPa"
Kuker,6 reviews,,https://www.kukersf.com,"900 Avenue D,San Francisco, CA 94130"
Cha Cha Cha,3358 reviews,(415) 386-7670,http://www.chachachasf.com,"1801 Haight St,San Francisco, CA 94117,Shrader St & Stanyan St,The Haight"
Lokma,515 reviews,(415) 702-6263,http://www.lokmasf.com,"1801 Clement St,San Francisco, CA 94121,19th Ave & 20th Ave,Outer Richmond"
Hu Tong Jian Bing,34 reviews,(415) 529-2015,https://hutongjianbing.wixsite…,"2291 3rd St,San Francisco, CA 94107,19th St & 20th St,Dogpatch, Potrero Hill"
Lark,311 reviews,(415) 400-4623,http://www.larksf.com/,"4068 18th St,San Francisco, CA 94114,Hartford St & Castro St,Castro"
Mokuku,316 reviews,(415) 702-6128,http://www.mokukushabu.com,"332 Clement St,San Francisco, CA 94103,Inner Richmond"
Bottega,308 reviews,(415) 655-9048,https://www.bottegavalencia.co…,"1132 Valencia St,San Francisco, CA 94110,23rd St & 22nd St,Mission"
Cote Ouest Bistro,121 reviews,(415) 896-4709,https://www.coteouestbistro.co…,"2953 Baker St,San Francisco, CA 94123,Marina/Cow Hollow"
Vico Cavone,106 reviews,(415) 226-7800,http://vicocavone.com,"4248 18th St,San Francisco, CA 94114,Diamond St & Collingwood St,Castro"
Udon Mugizo,1211 reviews,(415) 931-3118,http://mugizo-us.com,"1581 Webster St,Ste 217,San Francisco, CA 94115,Post St & Geary Blvd,Lower Pacific Heights, Japantown"
Bella Trattoria,1673 reviews,(415) 221-0305,https://osteriabella.com,"3854 Geary Blvd,San Francisco, CA 94118,4th Ave & 2nd Ave,Inner Richmond"
Caliente Bistro Kitchen,131 reviews,(415) 379-6250,https://calientebistro.com,"4828 Geary Blvd,San Francisco, CA 94118,Funston Ave & 12th Ave,Inner Richmond"
MaMo,186 reviews,(628) 267-2640,http://mamosf.com,"3659 Buchanan St,San Francisco, CA 94123,North Point St & Bay St,Marina/Cow Hollow"
Mezze and Mooore,19 reviews,(415) 654-5089,,"198 Guerrero St,San Francisco, CA 94103,Brosnan St & 14th St,Mission"
Poesia,848 reviews,(415) 252-9325,http://poesiasf.com/,"4072 18th St,San Francisco, CA 94114,Hartford St & Castro St,Castro"
Otra,105 reviews,(415) 500-2774,https://www.otrasf.com,"682 Haight St,San Francisco, CA 94117,Steiner St & Pierce St,Lower Haight"
Billingsgate,58 reviews,(415) 590-3001,https://www.billingsgatesf.com,"3859 24th St,San Francisco, CA 94114,Sanchez St & Vicksburg St,Noe Valley"
Komaaj,176 reviews,(415) 598-8286,http://www.komaaj.com,"3359 26th St,San Francisco, CA 94110,Mission"
Perilla,1469 reviews,(415) 564-9980,https://perillasftogo.cuteorde…,"836 Irving St,San Francisco, CA 94122,10th Ave & 9th Ave,Inner Sunset"
Poesia Café,3 reviews,,,"4076 18th St,San Francisco, CA 94114,Hartford St & Castro St,Castro"
Kitchen Story,3798 reviews,(415) 525-4905,http://kitchenstorysf.com,"3499 16th St,San Francisco, CA 94114,Dehon St & Sanchez St,Castro"
Dabao Singapore,70 reviews,,http://www.dabaosingapore.com,"1661 Tennessee St,Ste 2k,San Francisco, CA 94107,Cesar Chavez St & 26th St,Potrero Hill"
Brenda's Meat & Three,1348 reviews,(415) 926-8657,http://www.brendasmeatandthree…,"919 Divisadero St,San Francisco, CA 94115,Mcallister St & Golden Gate Ave,NoPa"
Frances,1522 reviews,(415) 621-3870,http://www.frances-sf.com/,"3870 17th St,San Francisco, CA 94114,Pond St & Noe St,Castro"
Mamahuhu,264 reviews,(415) 742-4958,https://www.eatmamahuhu.com,"517 Clement St,San Francisco, CA 94118,7th Ave & 6th Ave,Inner Richmond"
San Tung,7591 reviews,(415) 242-0828,https://www.santungsf.com,"1031 Irving St,San Francisco, CA 94122,12th Ave & 11th Ave,Inner Sunset"
Zazie,4892 reviews,(415) 564-5332,http://www.zaziesf.com/,"941 Cole St,San Francisco, CA 94117,Parnassus Ave & Carl St,Cole Valley"
Il Casaro Pizzeria & Mozzarella Bar -  Castro,203 reviews,(628) 900-5977,https://www.ilcasaropizzeria.c…,"235 Church St,San Francisco, CA 94114,15th St & Market St,Castro"
Padrecito,1041 reviews,(415) 742-5505,http://www.padrecitosf.com,"901 Cole St,San Francisco, CA 94117,Parnassus Ave & Carl St,Cole Valley"
San Ho Won,196 reviews,(415) 868-4479,https://sanhowon.com,"2170 Bryant St,San Francisco, CA 94110,19th St & 20th St,Mission"
ILCHA,68 reviews,(415) 613-9288,http://www.ilchasf.com,"2151 Lombard St,San Francisco, CA 94123,United States Highway 101 & Fillmore St,Marina/Cow Hollow"
Suppenküche,3251 reviews,(415) 252-9289,http://www.suppenkuche.com,"525 Laguna St,San Francisco, CA 94102,Linden St & Fell St,Hayes Valley"
Unco Frank’s,62 reviews,(510) 279-8642,,"443 Clement St,San Francisco, CA 94118,6th Ave & 5th Ave,Inner Richmond"
Troya,676 reviews,(415) 563-1000,https://www.troyasf.com,"2125 Fillmore St,San Francisco, CA 94115,California St & Sacramento St,Pacific Heights"
Che Fico Alimentari,145 reviews,(415) 416-6980,https://www.cheficoalimentari.…,"834 Divisadero St,San Francisco, CA 94117,Mcallister St & Fulton St,Alamo Square"
Hodala,639 reviews,(415) 702-9510,,"5801 Geary Blvd,San Francisco, CA 94121,23rd Ave & 22nd Ave,Outer Richmond"
Noodle in a Haystack,54 reviews,,http://www.noodleinhaystack.co…,"4601 Geary Blvd,San Francisco, CA 94118,11th Ave & 10th Ave,Inner Richmond"
Automat,140 reviews,(415) 296-6680,http://automatsf.com,"1801 McAllister St,San Francisco, CA 94115,Baker St & Lyon St,NoPa"
Ben Thai Cafe,740 reviews,(415) 771-2562,http://benthaicafe.com,"1331 Polk St,San Francisco, CA 94109,Austin St & Pine St,Lower Nob Hill, Nob Hill"
Dumpling Home,612 reviews,(415) 503-1666,http://dumplinghome.com,"298 Gough St,San Francisco, CA 94102,Fell St & Hickory St,Hayes Valley"
Mangrove Kitchen,346 reviews,(415) 552-6881,http://www.mangrovethaikitchen…,"312 Divisadero St,San Francisco, CA 94117,Oak St & Page St,Lower Haight"
Chome,159 reviews,(415) 757-0922,,"2193 Mission St,San Francisco, CA 94110,Sycamore St & 18th St,Mission"
Ocean Indian Cuisine,230 reviews,(415) 751-4433,http://www.oceanindiancuisine.…,"6127 Geary Blvd,San Francisco, CA 94121,26th Ave & 25th Ave,Outer Richmond"
DragonEats,276 reviews,(415) 522-6689,,"1671 Haight St,San Francisco, CA 94117,Cole St & Belvedere St,The Haight"
Cafe De Casa,120 reviews,(415) 829-7915,http://www.cafedecasa.com,"3985 17th St,San Francisco, CA 94114,Hartford St & Market St,Castro"
Presidio Kebab,243 reviews,(415) 947-7163,http://presidiokebab.com,"3277 Sacramento St,San Francisco, CA 94115,Lyon St & Presidio Ave,Presidio Heights, Pacific Heights"
Taksim,52 reviews,(415) 757-0989,http://www.taksimsf.com,"564 4th St,San Francisco, CA 94107,Welsh St & Freelon St,Mission Bay"
Surisan,2782 reviews,(415) 771-8449,https://www.surisansf.com,"505 Beach St,San Francisco, CA 94133,Jones St & Leavenworth St,Fisherman's Wharf, North Beach/Telegraph Hill"
Tratto,626 reviews,(415) 292-8151,http://tratto-sf.com,"501 Geary St,San Francisco, CA 94102,Taylor St & Shannon St,Tenderloin"
Noosh,544 reviews,(415) 231-5985,http://www.nooshsf.com,"2001 Fillmore St,San Francisco, CA 94115,California St & Pine St,Lower Pacific Heights"
Purple Rice,208 reviews,(415) 932-6257,,"509 Haight St,San Francisco, CA 94117,Steiner St & Fillmore St,Lower Haight"
Sweet Maple,4367 reviews,(415) 655-9169,http://www.sweetmaplesf.com,"2101 Sutter St,San Francisco, CA 94115,Steiner St & Pierce St,Lower Pacific Heights"
Copas,76 reviews,(415) 829-2614,http://www.copasonmarket.com,"2223 Market St,San Francisco, CA 94114,Castro"
Daeho Kalbijjim & Beef Soup,1436 reviews,(415) 563-1388,,"1620 Post St,San Francisco, CA 94115,Laguna St & Buchanan St,Japantown, Lower Pacific Heights"
Hinodeya Ramen Bar,1636 reviews,(415) 216-5011,http://hinodeyaramen.com,"1737 Buchanan St,San Francisco, CA 94115,Post St & Sutter St,Japantown, Lower Pacific Heights"
Souvla,1606 reviews,(415) 400-5458,http://www.souvla.com,"517 Hayes St,San Francisco, CA 94102,Octavia St & Laguna St,Hayes Valley"
Heroic Italian,97 reviews,(650) 224-5999,https://heroicitalian.com,"572 Castro St,Swirl on Castro Wine Bar,San Francisco, CA 94114,19th St & 18th St,Castro"
The Pawn Shop,430 reviews,(415) 874-8041,https://thepawnshopsf.com,"993 Mission St,San Francisco, CA 94103,6th St & Mary St,SoMa"
The Soup,15 reviews,(415) 463-6099,,"2315 Irving St,San Francisco, CA 94122,25th Ave & 24th Ave,Outer Sunset"
The View Lounge,1881 reviews,(415) 896-1600,https://www.marriott.com/hotel…,"780 Mission St,San Francisco, CA 94103,Opera Aly & 4th St,Union Square, SoMa, Financial District"
Wasabi Bistro,523 reviews,(415) 701-0082,http://www.wasabisf.com,"524 Castro St,San Francisco, CA 94114,19th St & 18th St,Castro"
Malasa,173 reviews,(415) 682-9980,http://www.malasasf.com,"1336 9th Ave,San Francisco, CA 94122,Irving St & Judah St,Inner Sunset"
Beretta,3982 reviews,(415) 695-1199,http://berettasf.com,"1199 Valencia St,San Francisco, CA 94110,22nd St & 23rd St,Mission"
MaMa Ji's,848 reviews,(415) 626-4416,http://www.mamajissf.com,"4416 18th St,San Francisco, CA 94114,Douglass St & Eureka St,Castro"
Dumpling Baby China Bistro,152 reviews,(415) 592-8232,https://dumplingbabysf.com,"3751 Geary Blvd,San Francisco, CA 94118,2nd Ave & Arguello Blvd,Inner Richmond"
Jane on Fillmore,1096 reviews,(415) 931-5263,http://www.itsjane.com,"2123 Fillmore St,San Francisco, CA 94115,California St & Sacramento St,Pacific Heights"
Castro Tarts,310 reviews,(415) 861-3268,https://castrotarts.squarespac…,"564 Castro St,San Francisco, CA 94114,19th St & 18th St,Castro"
State Bird Provisions,2972 reviews,(415) 795-1272,https://statebirdsf.com/home/,"1529 Fillmore St,San Francisco, CA 94115,Ofarrell St & Geary Blvd,Western Addition"
Flores,827 reviews,(415) 796-2926,https://www.floressf.com,"2030 Union St,San Francisco, CA 94123,Webster St & Buchanan St,Marina/Cow Hollow"
Moku Yakitori-Ya,52 reviews,,,"312 8th Ave,San Francisco, CA 94118,Geary Blvd & Clement St,Inner Richmond"
Q's Sandwich Shop,28 reviews,(415) 757-0112,https://qs-sandwich-shop.squar…,"258 Divisadero St,San Francisco, CA 94117,Page St & Haight St,Lower Haight"
Good Good Culture Club,145 reviews,,http://ggccsf.com,"3560 18th St,San Francisco, CA 94110,Linda St & Dearborn St,Mission"
Bonita Taqueria Y Rotisserie,71 reviews,(415) 552-2125,http://sfbonita.com,"3600 16th St,San Francisco, CA 94114,Noe St & Castro St,Duboce Triangle"
Sunset Cantina,271 reviews,(415) 571-8874,https://sunsetcantinasf.com,"3414 Judah St,San Francisco, CA 94122,39th Ave & 40th Ave,Outer Sunset"
Brenda's French Soul Food,11679 reviews,(415) 345-8100,http://frenchsoulfood.com,"652 Polk St,San Francisco, CA 94102,Turk St & Eddy St,Tenderloin"
KAIYŌ Cow Hollow,557 reviews,(415) 525-4804,http://www.kaiyosf.com,"1838 Union St,San Francisco, CA 94123,Octavia St & Laguna St,Marina/Cow Hollow"
Flour & Water Pasta Shop,38 reviews,,https://flourandwaterpastashop…,"3000 20th St,San Francisco, CA 94110,Alabama St & Florida St,Mission"
Delarosa,1788 reviews,(415) 673-7100,http://www.delarosasf.com,"2175 Chestnut St,San Francisco, CA 94123,Steiner St & Pierce St,Marina/Cow Hollow"
The Italian Homemade Company,1768 reviews,(415) 712-8874,http://www.italianhomemadecomp…,"716 Columbus Ave,San Francisco, CA 94133,Scotland St & Greenwich St,Russian Hill, North Beach/Telegraph Hill"
Super Duper Burgers,1398 reviews,(415) 558-8123,https://www.superduperburgers.…,"2304 Market St,San Francisco, CA 94114,Noe St & Castro St,Duboce Triangle"
L’Ardoise Bistro,1362 reviews,(415) 437-2600,http://www.ardoisesf.com,"151 Noe St,San Francisco, CA 94114,15th St & Henry St,Duboce Triangle"
Berliner Berliner,62 reviews,(415) 795-1457,https://berlinerberliner.com,"545 Haight St,San Francisco, CA 94117,Steiner St & Fillmore St,Lower Haight"
Sorella,70 reviews,(415) 359-1212,http://www.sorellasf.com,"1760 Polk St,San Francisco, CA 94109,Washington St & Clay St,Nob Hill"
Bansang,106 reviews,(415) 697-5879,https://www.bansangsf.com,"1560 Fillmore St,San Francisco, CA 94115,Ofarrell St & Geary Blvd,Western Addition, Fillmore"
Picaro,1803 reviews,(415) 431-4089,https://picarocafe.com,"3120 16th St,San Francisco, CA 94103,Valencia St,Mission"
The Korner Store,57 reviews,,,"736 Valencia St,San Francisco, CA 94110,19th St & 18th St,Mission"
Willkommen,172 reviews,(415) 766-9225,http://willkommen.beer,"2198 Market St,San Francisco, CA 94114,Sanchez St & 15th St,Duboce Triangle"
LaLe,556 reviews,(415) 566-8814,http://www.lalesf.com,"731 Irving St,San Francisco, CA 94122,9th Ave & 8th Ave,Inner Sunset"
Village Rotisserie,76 reviews,(415) 660-7852,http://www.villagerotisserie.c…,"4063 24th St,San Francisco, CA 94114,Noe St & Castro St,Noe Valley"
Arang,15 reviews,(415) 775-9095,,"1506 Fillmore St,San Francisco, CA 94115,Ofarrell St & Geary Blvd,Western Addition, Fillmore"
Lime Tree Southeast Asian Kitchen,1545 reviews,(415) 665-1415,http://limetreesoutheastasiank…,"450 Irving St,San Francisco, CA 94122,6th Ave & 5th Ave,Inner Sunset"
Bodega,148 reviews,(415) 655-9341,http://Bodegarestaurants.com,"138 Mason St,San Francisco, CA 94102,Ellis St & Eddy St,Union Square"
Pizzeria Delfina - Pacific Heights,1516 reviews,(415) 440-1189,https://www.pizzeriadelfina.co…,"2406 California St,San Francisco, CA 94115,Fillmore St & Steiner St,Pacific Heights"
Ushi Taro Ramen,391 reviews,(415) 702-6014,https://ushi-taro-ramen.square…,"1382 9th Ave,San Francisco, CA 94122,Irving St & Judah St,Inner Sunset"
Roma Antica,1081 reviews,(415) 896-4281,https://www.romaSF.com,"3242 Scott St,San Francisco, CA 94123,Chestnut St & Lombard St,Marina/Cow Hollow"
Hog Island Oyster,6592 reviews,(415) 391-7117,http://www.hogislandoysters.co…,"1 Ferry Bldg,Shop 11,San Francisco, CA 94111,Embarcadero, SoMa"
Ragazza,713 reviews,(415) 255-1133,http://www.ragazzasf.com,"311 Divisadero St,San Francisco, CA 94117,Oak St & Page St,Lower Haight"
opa cafe,437 reviews,(415) 913-7745,https://www.opasf.com,"2401 Post St,San Francisco, CA 94115,Baker St & Broderick St,Lower Pacific Heights"
Om Sabor,23 reviews,(831) 291-3773,https://omsabor.com,"370 Grove St,Phonobar,San Francisco, CA 94102,Gough St & Franklin St,Hayes Valley"
Wooden Spoon,518 reviews,(415) 946-3005,http://www.woodenspoonsf.com,"2172 Market St,San Francisco, CA 94114,Sanchez St & 15th St,Duboce Triangle"
Birba,163 reviews,(415) 549-7612,http://www.birbawine.com,"458 Grove St,San Francisco, CA 94102,Hayes Valley"
Tacorgasmico,318 reviews,(415) 565-0655,https://tacorgasmicosf.com,"2337 Market St,San Francisco, CA 94114,Noe St & Castro St,Castro"
Original Joe's,1792 reviews,(415) 775-4877,https://originaljoes.com,"601 Union St,San Francisco, CA 94133,Columbus Ave & Stockton St,North Beach/Telegraph Hill"
Hazie's,22 reviews,,http://www.haziessf.com,"501 Hayes St,San Francisco, CA 94102,Octavia St & Laguna St,Hayes Valley"
NOVY Restaurant,490 reviews,(415) 829-8383,http://www.novysf.com,"4000 24th St,San Francisco, CA 94114,Noe St & Castro St,Noe Valley"
Besharam,326 reviews,(415) 580-7662,https://www.besharamrestaurant…,"1275 Minnesota St,San Francisco, CA 94107,24th St & 23rd St,Potrero Hill"
Abrazo,139 reviews,(415) 872-9239,http://Abrazosf.com,"2000 Hyde St,San Francisco, CA 94109,Union St & Allen St,Russian Hill"
The Little Chihuahua,1558 reviews,(415) 255-8225,http://thelittlechihuahua.com,"292 Divisadero St,San Francisco, CA 94117,Haight St & Page St,Lower Haight"
Cafe Okawari,230 reviews,(415) 801-5927,https://www.cafeokawari.com,"236 Townsend St,San Francisco, CA 94107,Clyde St & Ritch St,Mission Bay"
1428 HAIGHT Patio Cafe & Crepery,451 reviews,(415) 864-8484,http://www.1428haight.com,"1428 Haight St,San Francisco, CA 94117,Masonic Ave & Ashbury St,The Haight"
Little Original Joe's,183 reviews,(415) 759-1155,http://www.littleoriginaljoes.…,"393 W Portal Ave,San Francisco, CA 94127,West Portal"
The Public Izakaya,68 reviews,(415) 658-7588,,"700 Post St,San Francisco, CA 94109,Leavenworth St & Jones St,Lower Nob Hill"
Mamanoko,422 reviews,(415) 346-8494,http://www.mamanokosf.com,"2317 Chestnut St,San Francisco, CA 94123,Divisadero St & Scott St,Marina/Cow Hollow"
Dinosaurs,947 reviews,(415) 503-1421,http://eatdinosaurs.com,"2275 Market St,San Francisco, CA 94114,Sanchez St & 16th St,Castro"
YH-Beijing,222 reviews,(415) 355-9125,http://YH-Beijing.com,"500 Haight St,San Francisco, CA 94117,Lower Haight"
Kitchen Woori,55 reviews,(415) 829-3159,http://kitchenwoori.com,"1545 Fillmore St,San Francisco, CA 94115,Ofarrell St & Geary Blvd,Western Addition"
The House of Hummus,81 reviews,(415) 374-7803,https://the-house-of-hummus.my…,"5 Masonic Ave,San Francisco, CA 94118,Presidio Ave & Pine St,Laurel Heights, Inner Richmond"
a Mano,1341 reviews,(415) 506-7401,http://amanosf.com,"450 Hayes St,San Francisco, CA 94102,Octavia St & Gough St,Hayes Valley"
Ernest,250 reviews,(415) 829-2961,https://www.ernestsf.com,"1890 Bryant St,Ste 100,San Francisco, CA 94110,Mariposa St & 17th St,Mission"
3rd Cousin,373 reviews,(415) 814-3709,http://www.3rdcousinsf.com/,"919 Cortland Ave,San Francisco, CA 94110,Folsom St & Gates St,Bernal Heights"
Barrio Chino,89 reviews,(415) 400-4522,http://www.barriochinosf.com,"2030 Lombard St,San Francisco, CA 94123,Webster St & United States Highway 101,Marina/Cow Hollow"
Foghorn Taproom,138 reviews,(628) 280-1792,https://www.foghorntaproom.com,"450 Balboa St,San Francisco, CA 94118,6th Ave & 5th Ave,Inner Richmond"
Savor,39 reviews,(415) 702-6048,https://savor.menu,"401 Irving St,San Francisco, CA 94122,6th Ave & 5th Ave,Inner Sunset"
Yuanbao Jiaozi,472 reviews,(415) 702-6506,https://yuanbaojiaozisf.com,"2110 Irving St,San Francisco, CA 94122,22nd Ave & 23rd Ave,Outer Sunset"
That's My Jam,28 reviews,,http://www.thatsmyjam324.com,"324 Divisadero St,San Francisco, CA 94117,Oak St & Page St,Lower Haight"
Uncle Tito,34 reviews,,http://www.uncletito.bar,"59 9th St,San Francisco, CA 94103,SoMa"
Freekeh,77 reviews,(415) 553-8966,http://freekehsf.com,"3126 16th St,San Francisco, CA 94103,Valencia St,Mission"
Burma Superstar,7215 reviews,(415) 387-2147,http://www.burmasuperstar.com/,"309 Clement St,San Francisco, CA 94118,5th Ave & 4th Ave,Inner Richmond"
Smokin’ Warehouse Barbecue,94 reviews,(415) 440-0088,https://www.smokinwarehousebbq…,"3336 Sacramento St,San Francisco, CA 94118,Walnut St & Presidio Ave,Presidio Heights"
RT Rotisserie,128 reviews,,http://rtrotisserie.com,"302 Broderick St,San Francisco, CA 94117,Fell St & Oak St,Lower Haight"
Hai Ky Noodles,1090 reviews,(415) 771-2577,http://www.haikynoodles.com,"707 Ellis St,San Francisco, CA 94109,Larkin St & Polk St,Tenderloin"
Wicked 6 Bar & Bites,9 reviews,(415) 757-0855,http://www.wicked6bar.com,"4092 18th St,San Francisco, CA 94114,Hartford St & Castro St,Castro"
Cielito Lindo,240 reviews,(415) 742-0959,,"3450 Balboa St,San Francisco, CA 94121,35th Ave & 36th Ave,Outer Richmond"
Alimentari Aurora,17 reviews,,https://www.alimentariaurora.c…,"1415 18th St,San Francisco, CA 94107,Connecticut St & Missouri St,Potrero Hill"
Birdsong,350 reviews,(415) 369-9161,http://www.birdsongsf.com,"1085 Mission St,San Francisco, CA 94103,7th St & 6th St,SoMa"
Oasis Grill,1308 reviews,(415) 781-0313,https://oasisgrill.com,"91 Drumm St,San Francisco, CA 94111,California St & Market St,Financial District"
Hoshinoya,166 reviews,(415) 610-3929,http://www.hoshinoyasf.com,"1740 Buchanan St,San Francisco, CA 94115,Post St & Sutter St,Japantown, Lower Pacific Heights"
Hing Lung Company aka Go Duck Yourself,173 reviews,,,"1261 Stockton St,San Francisco, CA 94133,Broadway St & Stark St,Chinatown"
Donaji ,73 reviews,(415) 829-3569,https://www.donajisf.com,"3161 24th St,San Francisco, CA 94110,Van Ness Ave & Shotwell St,Mission"
Breadbelly,398 reviews,(415) 349-0969,https://breadbellysf.com,"1408 Clement St,San Francisco, CA 94118,15th Ave & 16th Ave,Inner Richmond"
Yummy Dumpling,175 reviews,(415) 753-9308,,"1708 Irving St,San Francisco, CA 94122,19th Ave & 18th Ave,Inner Sunset"
Kokkari Estiatorio,4893 reviews,(415) 981-0983,http://www.kokkari.com,"200 Jackson St,San Francisco, CA 94111,Front St & Battery St,Financial District"
Palm House,1134 reviews,(415) 749-9959,https://www.palmhousesf.com,"2032 Union St,San Francisco, CA 94123,Webster St & Buchanan St,Marina/Cow Hollow"
Cafe Réveille,176 reviews,,https://www.cafereveille.com/l…,"201 Steiner St,San Francisco, CA 94117,Laussat St & Waller St,Lower Haight"
Outerlands,2320 reviews,(415) 661-6140,http://outerlandssf.com,"4001 Judah St,San Francisco, CA 94122,45th Ave & 46th Ave,Outer Sunset"
Kui Shin Bo,877 reviews,(415) 922-9575,http://www.kuishinborestaurant…,"22 Peace Plz,Fl 2,San Francisco, CA 94115,Japantown, Lower Pacific Heights"
Alnico,337 reviews,(415) 757-0889,,"1050 Valencia St,San Francisco, CA 94110,Hill St & 22nd St,Mission"
Uncle Boy's,717 reviews,(415) 742-4468,https://uncleboys.com,"245 Balboa St,San Francisco, CA 94118,4th Ave & 3rd Ave,Inner Richmond"
Cantina Los Mayas,28 reviews,,,"431 Balboa St,San Francisco, CA 94118,6th Ave & 5th Ave,Inner Richmond"
Arepas En Bici,46 reviews,(415) 660-0303,https://www.arepasenbici.com,"San Francisco, CA 94109,Lower Nob Hill"
Han Il Kwan,1779 reviews,(415) 752-4447,,"1802 Balboa St,San Francisco, CA 94121,19th Ave & 20th Ave,Outer Richmond"
Betty Lou's Seafood and Grill,940 reviews,(415) 757-0569,http://www.bettyloussf.com,"318 Columbus Ave,San Francisco, CA 94133,Broadway St & Vallejo St,North Beach/Telegraph Hill, Russian Hill"
Tadu Ethiopian Kitchen,383 reviews,(415) 655-9344,http://taduethiopiankitchen.co…,"1120-30 4th St,San Francisco, CA 94158,Mission Bay"
Fiorella - Sunset,122 reviews,(415) 404-6997,http://www.fiorella-sf.com,"1240 9th Ave,San Francisco, CA 94122,Lincoln Way & Irving St,Inner Sunset"
Aria Korean Street Food,1100 reviews,(415) 292-6914,https://ariasf.com,"932 Larkin St,San Francisco, CA 94109,Post St & Geary St,Lower Nob Hill"
Cafe Reverie,621 reviews,(415) 242-0200,https://www.reveriesf.com,"848 Cole St,San Francisco, CA 94117,Frederick St & Carl St,Cole Valley"
Bacco,527 reviews,(415) 282-4969,http://www.baccosf.com,"3913 24th St,San Francisco, CA 94114,Noe Valley"
Rich Table,1415 reviews,(415) 355-9085,http://www.richtablesf.com,"199 Gough St,San Francisco, CA 94102,Oak St & Lily St,Hayes Valley"
Ly's Vietnamese Cuisine,532 reviews,(415) 563-1927,http://www.lyspho.com,"1779 Lombard St,San Francisco, CA 94123,Octavia St & Laguna St,Marina/Cow Hollow"
Burma Love,1473 reviews,(415) 861-2100,https://burmalove.co,"211 Valencia St,San Francisco, CA 94103,Duboce Ave & Clinton Park,Mission"
Rooftop 25,227 reviews,(415) 495-5875,http://25lusk.com,"25 Lusk St,San Francisco, CA 94107,Townsend St,Mission Bay"
Chong Qing Xiao Mian,1019 reviews,(415) 983-0888,https://www.chongqingxiaomian-…,"915 Kearny St,San Francisco, CA 94133,Jackson St & Columbus Ave,Chinatown"
Izakaya Sozai,2133 reviews,(415) 371-9721,http://www.izakayasozai.com/,"1500 Irving St,San Francisco, CA 94122,17th Ave & 16th Ave,Inner Sunset"
Seven Hills,1185 reviews,(415) 775-1550,http://www.sevenhillssf.com,"1896 Hyde St,San Francisco, CA 94109,Green St & Vallejo St,Russian Hill"
Kaiju Eats Ramen and Izakaya,867 reviews,(415) 742-4309,https://kaijueatssf.com,"3409 Geary Blvd,San Francisco, CA 94118,Commonwealth Ave & Stanyan St,Laurel Heights, Inner Richmond"
PoBoys Kitchen,160 reviews,(415) 525-4088,https://poboyskitchen.com,"317 Connecticut St,San Francisco, CA 94107,18th St & 19th St,Potrero Hill"
Barrio Ghirardelli Square,87 reviews,(415) 741-2000,http://barriosf.com,"900 North Point,San Francisco, CA 94109,Russian Hill, Fisherman's Wharf"
Mensho Tokyo SF,2566 reviews,(415) 800-8345,http://mensho.tokyo,"672 Geary St,San Francisco, CA 94102,Lower Nob Hill"
Cassava,959 reviews,(415) 640-8990,http://www.cassavasf.com,"3519 Balboa St,San Francisco, CA 94121,37th Ave & 36th Ave,Outer Richmond"
Limón,3419 reviews,(415) 821-2134,http://www.limonrotisserie.com,"1001 S Van Ness Ave,San Francisco, CA 94110,21st St & 22nd St,Mission"
InoVino,189 reviews,(415) 681-3770,http://inovinosanfrancisco.com,"108B Carl St,San Francisco, CA 94117,Cole St & Shrader St,Cole Valley"
Nara Restaurant & Sake Bar,1789 reviews,(415) 638-6124,,"518 Haight St,San Francisco, CA 94117,Steiner St & Fillmore St,Lower Haight"
La Mediterranee,1643 reviews,(415) 921-2956,http://www.Cafelamedfillmore.c…,"2210 Fillmore St,San Francisco, CA 94115,Pacific Heights"
De Afghanan Kabob House,505 reviews,(415) 800-8024,https://deafghanansf.com,"321 Kearny St,San Francisco, CA 94108,Pine St & Bush St,Chinatown"
The Codmother Fish & Chips,3198 reviews,(415) 606-9349,http://www.codmother.com,"496 Beach St,San Francisco, CA 94133,Jones St & Taylor St,Fisherman's Wharf, North Beach/Telegraph Hill"
Saucy Asian,401 reviews,(415) 834-5555,https://www.saucyasian.com,"3801 17th St,San Francisco, CA 94114,Sanchez St & Prosper St,Castro"
El Techo,2458 reviews,(415) 550-6970,http://eltechosf.com,"2516 Mission St,San Francisco, CA 94110,21st St & 22nd St,Mission"
Uma Casa,325 reviews,(415) 829-2264,http://www.umacasarestaurant.c…,"1550 Church St,San Francisco, CA 94131,28th St & Duncan St,Noe Valley"
IZUMIYA,102 reviews,(415) 441-6867,https://www.izumiyaonline.com,"1581 Webster St,Ste 270,San Francisco, CA 94115,Post St & Geary Blvd,Japantown, Lower Pacific Heights"
Palette,164 reviews,(415) 865-0529,http://www.palette-sf.com,"816 Folsom St,San Francisco, CA 94107,5th St & 4th St,SoMa"
The Crew,498 reviews,(415) 665-8548,http://www.thecrewsf.com,"1330 Noriega St,San Francisco, CA 94122,21st Ave & 20th Ave,Outer Sunset"
House Of Pancakes,1104 reviews,(415) 681-8388,,"937 Taraval St,San Francisco, CA 94116,19th Ave & 20th Ave,Parkside"
The Anchovy Bar,137 reviews,(415) 796-2710,http://www.theanchovybar.com,"1740 O'Farrell St,San Francisco, CA 94115,Fillmore St & Steiner St,Western Addition"
Fiorella -Clement,553 reviews,(415) 340-3049,http://www.fiorella-sf.com,"2339 Clement St,San Francisco, CA 94121,24th Ave & 25th Ave,Outer Richmond"
La Mediterranee,632 reviews,(415) 431-7210,http://lamednoe.com,"288 Noe St,San Francisco, CA 94114,Beaver St & 16th St,Duboce Triangle"
The Ramp Restaurant,1236 reviews,(415) 621-2876,http://www.rampsf.com,"855 Terry A Francois Blvd,San Francisco, CA 94158,Mariposa St & Illinois St,Dogpatch, Potrero Hill"
Destapas,91 reviews,(415) 829-7045,http://destapas.com,"2708 24th St,San Francisco, CA 94110,Potrero Ave & Hampshire St,Mission"
Mersea,997 reviews,,http://www.mersea.restaurant,"699 Ave Of The Palms,San Francisco, CA 94130"
Lime Tree Southeast Asian Kitchen,393 reviews,(415) 831-8811,,"836 Clement St,San Francisco, CA 94118,10th Ave & 9th Ave,Inner Richmond"
Shokudou,69 reviews,(415) 800-6883,,"1000 Cortland Ave,San Francisco, CA 94110,Folsom St & Banks St,Bernal Heights"
Niku Steakhouse,429 reviews,(415) 829-7817,https://www.nikusteakhouse.com,"61 Division St,San Francisco, CA 94103"
Woodhouse Fish,1771 reviews,(415) 437-2722,http://www.woodhousefish.com,"2073 Market St,San Francisco, CA 94114,Reservoir St & 14th St,Castro"
Souvla,165 reviews,(415) 400-5458,http://www.souvla.com,"2272 Chestnut St,San Francisco, CA 94123,Marina/Cow Hollow"
Palette Tea House,1207 reviews,(415) 347-8888,https://paletteteahouse.com,"900 N Point St,Ste B-201A,San Francisco, CA 94109,Russian Hill, Fisherman's Wharf"
Loló,2363 reviews,(415) 643-5656,http://www.lolosf.com/,"974 Valencia St,San Francisco, CA 94110,21st St & Liberty St,Mission"
El Farolito,5226 reviews,(415) 824-7877,https://elfarolitosf.com,"2779 Mission St,San Francisco, CA 94110,24th St & 23rd St,Mission"
Ox & Tiger,40 reviews,(415) 992-3827,http://www.oxandtiger.co,"552 Jones St,San Francisco, CA 94102,Ofarrell St & Geary St,Tenderloin"
Radhaus,344 reviews,,http://radhaussf.com,"2 Marina Blvd,Bldg A,San Francisco, CA 94123,Laguna St & Buchanan St,Marina/Cow Hollow"
